﻿<?xml version="1.0" encoding="UTF-8"?>
<!DOCTYPE Pedidos SYSTEM "pedido.dtd">
<Pedidos>
	<Pedido>
		<Fecha>10/01/2023</Fecha>
		<Solicitante> Juan Pérez</Solicitante>
		<DireccionEntrega>
			<Ciudad>Málaga</Ciudad>
			<Via>Plaza de la Merced</Via>
			<Numero>12</Numero>
			<CP>29011</CP>
		</DireccionEntrega>
		<DireccionFactura>
			<Ciudad>Jaén</Ciudad>
			<Via>Libertadores</Via>
			<Numero>56</Numero>
			<CP>23006</CP>
		</DireccionFactura>
		<Receptor>María García</Receptor>
		<Items>
			<Item>
				<Codigo>COR277</Codigo>
				<Descripcion>Cortadora césped</Descripcion>
				<Precio>126,27</Precio>
				<Cantidad>1</Cantidad>
			</Item>
			<Item>
				<Codigo>POD221</Codigo>
				<Descripcion>Podadora</Descripcion>
				<Precio>12,95</Precio>
				<Cantidad>3</Cantidad>
			</Item>
		</Items>
	</Pedido>
</Pedidos>
