<?xml version="1.0" encoding="utf-8"?>
<!DOCTYPE Libros SYSTEM "libros.dtd">
<Libros>
	<Libro>
		<Titulo>El Coronel no tiene quien le escriba</Titulo>
		<Autor>Gabriel García Márquez</Autor>
		<ISBN>1111111</ISBN>
		<Precio>23</Precio>
	</Libro>
	<Libro>
		<Titulo>Problemas Resueltos de Programación en lenguaje Java</Titulo>
		<Autor>José María Pérez Menor</Autor>
		<Autor>Jesús Cantero Pérez</Autor>
    <Autor>José Manuel Pérez Lobato</Autor>
		<ISBN>2222222</ISBN>
		<Precio>18</Precio>
	</Libro>
	<Libro>
		<Titulo>Instalaciones automatizadas en viviendas y edificios</Titulo>
		<Autor>Leopoldo Molina</Autor>
    <Autor>José M. Ruiz</Autor>
		<Precio>35</Precio>
	</Libro>
	<Libro>
		<Titulo>Angeles y demonios</Titulo>
		<Autor>Dan Brown</Autor>
		<ISBN>33333333</ISBN>
		<Precio>20</Precio>
		<Precio>25</Precio>
	</Libro>
	<Libro>
		<Titulo>Arquitectura de Equipos y Sistemas Informáticos</Titulo>
		<Autor>Carlos Valdivia Miranda</Autor>
		<ISBN>444444444</ISBN>
	</Libro>
</Libros>
