﻿
<!-- Clients.xml-->
<Clients xmlns:xsi="http://www.w3.org/2001/XMLSchema-instance" xsi:noNamespaceSchemaLocation="clients.xsd">
	<!--This is the root element of Clients.xml-->
	<Client id="c1">
		<Name>Jon Smith</Name>
		<Phone type="home">440-123-3333</Phone>
		<Fax>440-123-3334</Fax>
		<Email>jon@acme.com</Email>
	</Client>
	<Client id="c2">
		<Name>Bill Jones</Name>
		<Phone type="cellphone">330-124-5432</Phone>
		<Fax>440-123-5433</Fax>
		<Email>bjones@someinc.com</Email>
	</Client>
	<Client id="c3">
		<Name>Matt Brown</Name>
		<Phone type="work">220-125-1234</Phone>
		<Phone type="cellphone">233-344-4455</Phone>
		<Phone type="home">234-567-8910</Phone>
		<Fax>220-125-1235</Fax>
		<Email>matthew@hotstuff.com</Email>
	</Client>
</Clients>