﻿<?xml version="1.0" encoding="UTF-8"?>
<juzgados xmlns:xsi="http://www.w3.org/2001/XMLSchema-instance"
	xsi:noNamespaceSchemaLocation="juzgados1b.xsd">
	<sala numero="1">
		<caso numero="A1">
			<juez>
				<nombre>Juan</nombre>
				<apellidos>Gómez Serna</apellidos>
				<dni>28741852X</dni>
				<numColg>SE-2345-D</numColg>
			</juez>
			<acusadora>
				<persona sexo="femenino">
					<nombre>Luisa</nombre>
					<apellidos>García</apellidos>
					<dni>52741963D</dni>
					<fechaNac>1980-12-30</fechaNac>
				</persona>
				<persona>
					<nombre>Luis</nombre>
					<apellidos>Gomez</apellidos>
					<dni>52855963X</dni>
					<fechaNac>1912-12-30</fechaNac>
					<cuestionario>B </cuestionario>
				</persona>
				<fiscal>
					<nombre>Antonio</nombre>
					<apellidos>Bocanegra Serna</apellidos>
					<dni>27451852X</dni>
					<numColg>SE-2005-D</numColg>
				</fiscal>
				<abogado>
					<nombre>Juan</nombre>
					<apellidos>Gómez Serna</apellidos>
					<dni>28000852X</dni>
					<numColg>MA-7645-D</numColg>
				</abogado>
			</acusadora>
			<acusada>
				<persona sexo="masculino">
					<nombre>Luis</nombre>
					<apellidos>Vargas Vázquez</apellidos>
					<dni>52852963X</dni>
					<fechaNac>1970-02-28</fechaNac>
					<antecedentes delito="Asesinato" meses="3"></antecedentes>
					<antecedentes delito="Robo" años="8" meses="2"></antecedentes>
				</persona>
				<persona>
					<nombre>José</nombre>
					<apellidos>Pelaez Heredia</apellidos>
					<dni>28741852X</dni>
					<fechaNac>1999-12-05</fechaNac>
				</persona>
				<abogado>
					<nombre>Juan Luis</nombre>
					<apellidos>Guitierrez Pérez</apellidos>
					<dni>95741852X</dni>
					<numColg>MU-2345-X</numColg>
				</abogado>
			</acusada>
		</caso>
	</sala>
</juzgados>
