﻿<?xml version="1.0" encoding="UTF-8"?>
<!DOCTYPE tabla_periodica SYSTEM "tabla_periodica.dtd">
<tabla_periodica>
	<elemento estado="Solido">
		<nombre>Sodio</nombre>
		<simbolo>NA</simbolo>
		<numerico_atomico>11</numerico_atomico>
		<peso_atomico>22,989769</peso_atomico>
		<punto_ebullicion unidad="C">882,8</punto_ebullicion>
		<densidad unidad="g/cm3">968</densidad>
	</elemento>
	<elemento estado="Solido">
		<nombre>Hierro</nombre>
		<simbolo>FE</simbolo>
		<numerico_atomico>26</numerico_atomico>
		<peso_atomico>55845</peso_atomico>
		<punto_ebullicion unidad="C">2862</punto_ebullicion>
		<densidad unidad="g/cm3">7,874</densidad>
	</elemento>
</tabla_periodica>
